|San Diego|US
3M Company|Austin|US
Aalborg University|Aalborg|Denmark
Aalborg University|Copenhagen|Denmark
Aalto University|Espoo|Finland
Aalto University|Helsinki|Finland
Aarhus University|Aarhus|Denmark
"Aaron Marcus and Associates, Inc.|Berkeley|US"
Abertawe Bro Morgannwg University (ABMU) Health Board|Swansea|UK
Academia Sinica|Taipei|Taiwan
Accenture|New York|US
ACES|RENNES|France
Active Ingredient|Nottingham|UK
"Adobe Systems, Inc.|San Jose|US"
Adobe Systems|San Francisco|US
Adobe|Munich|Germany
Adobe|Seattle|US
"Advanced Man-Machine Interface Lab, University of Alberta|Edmonton|Canada"
Aix Marseille University|Aix Marseille|France
Ajou University|Suwon|Republic of Korea
"aKAP Innovation, LLC|Rochester|US"
Akron Children's Hospital|Akron|US
Alcatel-Lucent Bell Labs|Bangalore|India
Alcatel-Lucent Bell Labs|Murray Hill|US
Alcatel-Lucent Bell Labs|Nozay|France
Alcatel-Lucent|Dublin|Ireland
Alcatel-Lucent|Nozay|France
Alexandra Institute|Aarhus|Denmark
AmbieSense Ltd|Aberdeen|UK
American Institutes for Research|Washington|US
Amsterdam University of Applied Sciences|Amsterdam|The Netherlands
Archimedes Exhibitions GmbH|Berlin|Germany
Arizona State University|Mesa|US
Arizona State University|Phoenix|US
Arizona State University|Tempe|US
Arts et Metiers ParisTech|Bordeaux|France
Arts et Metiers ParisTech|Paris|France
ASPECT|Blacksburg|US
AT&T Foundry|Palo Alto|US
AT&T Labs Research|Florham Park|US
ATR Intelligent Robotics and Communication Laboratories|Soraku-gun|Japan
Augsburg University of Applied Sciences|Augsburg|Germany
Augsburg University|Augsburg|Germany
Australian Museum|Sydney|Australia
Australian National University|Canberra|Australia
Autodesk Research|Toronto|Canada
"Autodesk, Inc.|Lake Oswego|US"
"Autodesk, Inc.|San Francisco|US"
"Autodesk, Inc.|Waltham|US"
Ayogo Games Inc.|Vancouver|Canada
Babson College|Wellesley|US
Backbase|Amsterdam|The Netherlands
Bangladesh University of Engineering and Technology|Dhaka|Bangladesh
Banque Privee Edmond de Rothschild|Geneva|Switzerland
Bar Ilan University|Ramat Gan|Israel
Bard Colleg|Annandale-on-Hudson|US
Barry University|Miami Shores|US
Bath Spa University|Bath|UK
Baylor University|Waco|US
BBC|Manchester|UK
Beat Bullying|London|UK
Beihang University|Beijing|China
Beijing Institute of Technology|Beijing|China
Beijing University of Posts and Telecommunications|Beijing|China
Beijng Institute of Fashion Technology|Beijing|China
Bell Labs Research India|Bangalore|India
Ben-Gurion University of the Negev|Beer-Sheva|Israel
Benetas|Melbourne|Australia
Beth Israel Deaconess Medical Center|Boston|US
BI Norwegian School of Business|Oslo|Norway
BILTIR / Middle East Technical University|Ankara|Turkey
"Birkbeck College, University of London|London|UK"
Birzeit University|Birzeit|Israel
Blekinge Institute of Technology|Karlskrona|Sweden
BMW Research and Technology|Munich|Germany
Bonsai Development Corporation|Woodside|US
Bowie State University|Bowie|US
Bowling Green State University|Bowling Green|US
"Brain science institute, RIKEN|Wako|Japan"
Brigham Young University|Provo|US
Bristol University|Bristol|UK
British Broadcasting Corporation|London|UK
British Broadcasting Corporation|Manchester|UK
Brown University|Providence|US
Brunel University|London|UK
Budapest University of Technology and Economics|Budapest|Hungary
Bunkyo|Tokyo|Japan
Bureau of Economic Interpretation|Berkeley|US
C-DAC|Pune|India
California College of the Arts|San Francisco|US
Cambridge City Countil|Cambridge|UK
Cancer Council Victoria|Carlton|Australia
Canterbury Christ Church University|Canterbury|UK
Capgemini|Utrecht|The Netherlands
Caritas Institute of Higher Education|Hong Kong|Hong Kong
Carleton University|Ottawa|Canada
Carnegie Mellon University - Silicon Valley|Moffett Field|US
Carnegie Mellon University|Pittsburgh|US
Case Western Reserve University|Cleveland|US
CASED|Darmstadt|Germany
Catholic University of Milan|Milan|Italy
CBS|Frederiksberg|Denmark
CEA LIST|Fontenay-aux-Roses|France
CEA LIST|Gif-sur-Yvette|France
Center for Internet Excellence (CIE)|Oulu|Finland
Center for User Experience Research (CUO)|Leuven|Belgium
Central Saint Martins College of Art and Design|London|UK
Centre de Recherche Public Henri Tudor|Luxembourg|Luxembourg
Centre for Intermedia|Exeter|UK
Centre for Pattern Recognition and Data Analytics|Geelong|Australia
Centre for Sustainable Communications|Stockholm|Sweden
Centrum voor Wiskunde en Informatica|Amsterdam|The Netherlands
Chalmers University of Technology|Gothenburg|Sweden
Chemnitz University of Technology|Chemnitz|Germany
China Academy of Art|Hangzhou|China
Chinese Academy of Sciences|Beijing|China
Chinese University of Hong Kong|Hong Kong|China
Chiyoda-ku|Tokyo|Japan
CICESE|Ensenada|Mexico
"Cisco System, Inc.|San Jose|US"
Cisco Systems|Boxborough|US
Citrix Systems|Santa Clara|US
"City University, London|London|UK"
Clarice Technologies|Pune|India
Clemson University|Clemson|US
Clemson University|Greenville|US
CLIPS-IMAG|Grenoble|France
CMU Portugal|Funchal|Portugal
CMU|Pittsburgh|US
CNES|Toulouse|France
CNR-ISTI|Pisa|Italy
CNRS LTCI UMR 5141|Paris|France
CNRS UMR - IRCAM|Paris|France
CNRS|Grenoble|France
CNRS|Orsay|France
"College of Computing, Georgia Institute of Technology|Atlanta|US"
College of Information Sciences & Technology|State College|US
"College of Media, Arts, Science and Technology|Tsukuba|Japan"
College of William and Mary|Williamsburg|US
Columbia University|New York City|US
"Computer Science and Engineering, DUB Group, University of Washington|Seattle|US"
Copenhagen Business School|Frederiksberg|Denmark
Copenhagen Institute of Interaction Design|Copenhagen|Denmark
Copenhagen University|Copenhagen|Denmark
Cornell University|Ithaca|US
Cornell University|Woodside|US
Corporation for National Research Initiatives|Reston|US
"Coursera, Inc.|Mountain View|US"
CREATE-NET|Trento|Italy
CREST|Tokyo|Japan
Crotched Mountain Rehabilitation Center|Greenfield|US
Cryptography and Computer Algebra|Darmstadt|Germany
CSIE|Taipei|Taiwan
CSIR Meraka Institute|Pretoria|South Africa
CSIR-Meraka|Pretoria|South Africa
CSIRO|Marsfield|Australia
CSIRO|Sydney|Australia
CUHK|HK|China
"CUO, Association Leuven|Leuven|Belgium"
CURE - Center for Usability Research & Engineering|Vienna|Austria
Curtin University of Technology|Perth|Australia
Curtin University|Perth|Australia
CWI (Centrum voor Wiskunde en Informatica)|Amsterdam|The Netherlands
Cyprus University of Technology|Limassol|Cyprus
Czestochowa University of Technology|Czestochowa|Poland
DA-IICT|Ahmedebad|India
"Dai Nippon Printing Co., Ltd.|Tokyo|Japan"
Dalhousie University|Halifax|Canada
Dalian Maritime University|Dalian|China
Danske Bank|Copenhagen|Denmark
Dartmouth College|Hanover|US
Data2Text|Aberdeen|UK
De Montfort University|Leicester|UK
Deakin University|Geelong|Australia
Delft University of Technology|Delft|The Netherlands
DePaul University|Chicago|US
"Dept. of Industrial Design, KAIST|Daejeon|Republic of Korea"
Design for Context|Bethesda|US
"Design Lab, University of Sydney|Sydney|Australia"
Designing Associates|San Francisco|US
"Deutsche Telekom Laboratories, TU Berlin|Berlin|Germany"
DFKI GmbH|Saarbrucken|Germany
DGA|Bagneux|France
DGAC DSNA|Toulouse|France
Dhirubhai Ambani Institute of Information and Communication Technology|Gandhinagar|India
DialogDesign|Stenlose|Denmark
Digital Contents Technologies|Taipei|Taiwan
Digital Enterprise Research Institute|Galway|Ireland
Digital Solutions|Billund|Denmark
Digital Solutions|New York|US
Digital World Research Centre|Guildford|UK
Dingwall Enterprises|Nottingham|UK
Direct Partners|Marina del Rey|US
Disney Research|Pittsburgh|US
DNP Information Systems|Shinjuku|Japan
"DPU - the danish scool of education, aarhus university|Copenhagen|Denmark"
"Dray & Associates, Inc.|Minneapolis|US"
Dresden University of Technology|Dresden|Germany
Drexel University|Philadelphia|US
DSV|Stockholm|Sweden
"DTU Informatics,  Cognitive systems|Lyngby|Denmark"
Duke University|Durham|US
Duquesne University|Pittsburgh|US
Durham University|Durham|UK
"e-Media Lab, Groep T - Leuven Engineering College|Leuven|Belgium"
East West University|Dhaka|Bangladesh
Eastman Kodak Co.|Rochester|US
Ecole Normale Superieure|Paris|France
EDF R&D|Clamart|France
"Edinburgh College of Art, Edinburgh University|Edinburgh|UK"
Edinburgh Napier University|Edinburgh|UK
Education.com|Redwood City|US
"EECS, UC Berkeley|Berkeley|US"
Eindhoven University of Technology|Eindhoven|The Netherlands
Electrical Engineering and Computer Science Department|Berkeley|US
Electrical Engineering and Computer Science Department|Berkeley|US
Electronic Arts|Burnaby|Canada
Elon University|Elon|US
Elsevier|St. Louis|US
EmailVision|Clichy|France
Emory University|Atlanta|US
"Empirical, Inc.|Portland|US"
ENAC|Toulouse|France
Energy Design|Eskilstuna|Sweden
ENIG|gabes|Tunisia
ENIS|Sfax|Tunisia
Ensimag|Grenoble|France
EPFL|Lausanne|Switzerland
Ericsson Research|Beijing|China
Esaote S.p.A.|Firenze|Italy
Escuela Superior de Ingenieria Informatica. Universidad de Vigo|Ourense|Spain
ETH Zurich|Zurich|Switzerland
"ETIC, EA 4432. User Experience Lab|Metz|France"
European University Cyprus|Nicosia|Cyprus
"Facebook, Inc.|Menlo Park|US"
"Facebook, Inc.|Palo Alto|US"
FBK-IRST|Povo|Italy
FBK-IRST|Trento|Italy
FBK|Povo|Italy
Fidelity Investments|Boston|US
Florida Institute of Technology|Melbourne|US
Florida State University|Tallahassee|US
Folkwang University of the Arts|Essen|Germany
Fondazione Bruno Kessler|Tretno|Italy
Fontys University of Applied Science|Eindhoven|The Netherlands
Ford Motor Company|Dearborn|US
Foundation for Research and Technology - Hellas|Heraklion|Greece
FrankNoz.com|San Francisco|US
Fraunhofer FIRST|Berlin|Germany
Fraunhofer FIT|Sankt Augustin|Germany
Fraunhofer IAO|Stuttgart|Germany
Fraunhofer IESE|Kaiserslautern|Germany
Fraunhofer IGD|Darmstadt|Germany
Fraunhofer Institute for Applied Information Technology (FIT)|Sankt Augustin|Germany
Fraunhofer Institute for Experimental Software Engineering|Kaiserslautern|Germany
Fraunhofer MEVIS|Bremen|Germany
Friends of the cemetery|Cambridge|UK
Frostburg State University|Frostburg|US
FTW Telecommunications Research Center|Vienna|Austria
Fudan University|Shanghai|China
Fujitsu Limited|Kawasaki|Japan
FUSE Labs|Redmond|US
Future University Hakodate|Hakodate|Japan
"FX Palo Alto Laboatory, Inc.|Palo Alto|US"
FZI Research Center for Information Technology|Karlsruhe|Germany
Galileo University|Guatemala City|Guatemala
Games for Learning Institute|New York|US
GE Global Research|San Ramon|US
GE HealthCare|Buc|France
George Mason University|Fairfax|US
Georgia Institute of Technology|Atlanta|US
German Research Center for Artificial Intelligence|Kaiserslautern|Germany
German Research Institute for Artificial Intelligence (DFKI)|Saarbrucken|Germany
Gifu University|Gifu|Japan
Glasgow Caledonian University|Glasgow|UK
"Goldsmiths, University of London|London|UK"
Google Research|Mountain View|US
Google UK|London|UK
"Google, Inc.|Mountain View|US"
"Google, Inc.|New York|US"
"Google, Inc.|San Francisco|US"
"Google, Inc.|Sydney|Australia"
"Google, Switzerland|Zurich|Switzerland"
Gothenburg University|Gothenburg|Sweden
Graduate Institute of Networking and Multimedia|Taipei|Taiwan
Graduate Institution of Multimedia and Networking|Taipei|R.O.C.(Taiwan)
"Graduate School of Information Science and Technology, Osaka University|Osaka|Japan"
"Graduate School of Library, Information and Media Studies, University of Tsukuba|Tsukuba|Japan"
"Graduate School of Media Design, Keio University|Yokohama|Japan"
Grameenphone Ltd|Dhaka|Bangladesh
Graz Medical University|Graz|Austria
Graz University of Technology|Graz|Austria
"GREPS, University of Lyon, University Lyon 2|Bron|France"
Hackerspace.sg|Singapore|Singapore
Hangzhou Normal University|Hangzhou|China
Hans Bredow Institute for Media Research|Hamburg|Germany
Hanyang Univ.|Seoul|Republic of Korea
Hanyang University|Seoul|Korea
Hartnell College|Salinas|US
Harvard Medical School|Cambridge|US
Harvard University|Cambridge|US
Harvey Mudd College|Claremont|US
Hasselt University|Diepenbeek|Belgium
Hasso Plattner Institute|Potsdam|Germany
"HCII & Heinz College, Carnegie Mellon University, Pittsburgh|Pittsburgh|US"
HCIL|College Park|US
Healing and Rebuilding our Communities|Gisenyi|Rwanda
Hear for Yourself|Seattle|US
HEC Montreal|Montreal|Canada
Hellenic Open University|Patras|Greece
Helsinki Institute for Information Technology HIIT / Aalto University|Espoo|Finland
"Helsinki Institute for Information Technology HIIT, University of Helsinki|Helsinki|Finland"
Helsinki Institute for Information Technology|Helsinki|Finland
Helsinki University|Helsinki|Finland
Helwan|Cairo|Egypt
Heriot-Watt University|Edinburgh|UK
Hewlett Packard|Bangalore|India
Hewlett Packard|Palo Alto|US
Hewlett-Packard Laboratories|Bangalore|India
Hokkaido University|Sapporo|Japan
Holland Bloorview Kids Rehabilitation Hospital|Toronto|Canada
"Honda Research Institute Japan Co., Ltd.|Wako|Japan"
Honda Research Institute USA|new york|US
Honkalampi foundation|Joensuu|Finland
Horizon Doctoral Training Centre|Nottingham|UK
Horizon Hub|Nottingham|UK
Hosptial for Sick Children|Toronto|Canada
HP Labs|Palo Alto|US
HP|Palo Alto|US
HTW Berlin|Berlin|Germany
Huazhong Univ. of Science & Technology|Wuhan|China
Human Computer Interaction Institute|Pittsburgh|US
"Human Interaction Project, NTT Service Evolution Laboratories, Yokosuka, Kanagawa|Yokosuka|Japan"
"Human Interaction Project, NTT Service Evolution Laboratories|Yokosuka|Japan"
Human-Computer Interaction Institute|Pittsburgh|US
Human-Computer Interaction Lab|College Park|US
"Human-Computer Interaction, University of California|Santa Cruz|US"
Humboldt Institute for Internet and Society|Berlin|Germany
Hunan University|Changsha|China
Ibaraki University|Mito|Japan
IBBT-KU Leuven|Leuven|Belgium
IBBT-SMIT/VUB|Brussels|Belgium
IBBT|Ghent|Belgium
IBM Almaden Research Center|San Jose|US
IBM CIO's Office|Cambridge|US
IBM Japan Ltd.|Osaka|Japan
IBM Research - Tokyo|Tokyo|Japan
IBM Research Lab|New Delhi|India
IBM Research|Bangalore|India
IBM Research|Cambridge|US
IBM Research|Haifa|Israel
IBM Research|Hawthorne|US
IBM Research|New Delhi|India
IBM Research|San Jose|US
IBM Research|Sao Paulo|Brazil
IBM Research|Yorktown Heights|US
IBM Silicon Valley Lab|San Jose|US
IBM Software Group|Boca Raton|US
IBM Software Group|Cambridge|US
IBM Software Group|Durham|US
IBM T.J. Watson Research Center|Hawthorne|US
IBM T.J. Watson Research Center|Yorktown Heights|US
IBM T.J. Watson Research|Cambridge|US
IBM|Armonk|US
IBM|Boca Raton|US
IBM|Buenos Aires|Argentina
IBM|Cambridge|US
IBM|Haifa|Israel
IBM|Littleton|US
IBM|Pescadero|US
"ICT&S Center, University of Salzburg|Salzburg|Austria"
"ID-StudioLab, Delft University of Technology|Delft|The Netherlands"
Idaho National Laboratory|Idaho Falls|US
Idiap Research Institute|Martigny|Switzerland
"IEEE, Bangladesh Section|Dhaka|Bangladesh"
IIIT Hyderabad|Hyderabad|India
IIT|Kampur|India
Illinois Institute of Technology (IIT)|Chicago|US
Imperial College London|London|UK
Incaa Designs|Winslow|US
InContext Design|Concord|US
Indep. Consultant|London|UK
independent scholar|Honolulu|US
Indian Institute of Technology Guwahati|Guwahati|India
Indian Institute of Technology Indore|Indore|India
Indian Institute of Technology Kharagpur|Kharagpur|India
Indian Institute of Technology|Bombay|India
Indiana University Bloomington|Bloomington|US
"Indiana University, Bloomington|Bloomington|US"
Indiana University|Bloomington|US
Indiana-University Purdue University Indianapolis|Indianapolis|US
Indraprastha Institute of Information Technology|Delhi|India
Indraprastha Institute of Information Technology|New Delhi|India
Industrial Systems Institute|Patras|Greece
INESC-ID|Lisbon|Portugal
INESC-TEC|Porto|Portugal
Informatics Institute|Ankara|Turkey
Information Institute|Qingdao|China
Information Processing Institute|Warsaw|Poland
INRIA -  Institut National de Recherche en Informatique et en Automatique|Le Chesnay Cedex|France
INRIA & Univ Paris-Sud|Orsay|France
INRIA Bordeaux Sud-Ouest|Bordeaux|France
INRIA Rennes|Rennes|France
"INRIA, Orsay, France & INRIA Chile|Orsay|France"
INRIA|Bordeaux|France
INRIA|Lille|France
INRIA|Orsay|France
INRIA|Paris|France
INRIA|Rennes|France
INRIA|Saclay|France
INSA de Rennes|Rennes|France
INSA|Rennes|France
Institue of HCI & Multimedia Tsinghua University|Beijing|China
"Institute for Computer Graphics and Vision, Graz University of Technology|Graz|Austria"
Institute for Computer Graphics and Vision|Graz|Austria
Institute for Design and Assessment of Technology|Vienna|Austria
"Institute for Infocomm Research, (A*STAR)|Singapore|Singapore"
Institute for Pervasive Computing|Linz|Austria
Institute of Applied Arts|Hsinchu|Taiwan
Institute of Art & Technology|Vienna|Austria
Institute of Communications Engineering|Ulm|Germany
Institute of Creative Industries design|Tainan|Taiwan
Institute of Education|London|UK
Institute of Human Factors and Ergonomics|Beijing|China
Institute of Psychology and Education|Ulm|Germany
Institution of Human Factors and Ergonomics|Beijing|China
Instituto Politecnico de Castelo Branco|Castelo Branco|Portugal
Intel and Nokia Joint Innovation Center|Oulu|Finland
Intel Collaborative Research Institute for Sustainable Cities|London|UK
Intel Corporation|Folsom|US
Intel Corporation|Hillsboro|US
Intel Corporation|Santa Clara|US
Intel Labs|Hillsboro|US
Intel Labs|Portland|US
Intel|Beijing|China
Intel|Hillsboro|US
Intel|Portland|US
Intel|Santa Clara|US
Interaction design centre|Limerick|Ireland
"Interaction Design LAB, Yonsei University|Seoul|Republic of Korea"
Interaction Foundry|New York|US
Interactive Institute|Gothenburg|Sweden
Interactive Institute|Kista|Sweden
Interactive Institute|Umea|Sweden
Intercultural User Interface Consulting (IUIC)|Undorf|Germany
Interdisciplinary Center (IDC) Herzliya|Herzliya|Israel
"Interface Ecology Lab, Texas A&M University|College Station|US"
Ionian University|Corfu|Greece
Iowa State University|Ames|US
IRCAM|Paris|France
IRISA/INRIA Rennes|Rennes|France
IRISA/INSA de Rennes|Rennes|France
"IRIT, CNRS & University of Toulouse|Toulouse|France"
"IRIT, University Paul Sabatier, Toulouse III|Toulouse|France"
IRIT|Toulouse|France
IT University of Copenhagen|Copenhagen|Denmark
ITB Consulting|Bonn|Germany
Ithaca College|Ithaca|US
ITP|New York|US
ITU|Copenhagen|Denmark
IUPUI|Indianapolis|US
Iwate Prefectural University|Takizawa|Japan
iXora Technologies|Mountain View|US
Jacobs University Bremen|Bremen|Germany
Jadavpur University|Kolkata|India
Japan Advanced Institute of Science and Technology|Ishikawa|Japan
"Japan Science Technology Agency, ERATO, IGARASHI Design UI Project|Tokyo|Japan"
JHT Incorporated|Orlando|US
Joanneum Research|Graz|Austria
Joetsu University of Education|Joetsu|Japan
Joticon Oy|Helsinki|Finland
JST ERATO IGARASHI Design Interface Project|Bunkyo|Japan
"JST, PRESTO|Kawaguchi|Japan"
K.U.Leuven|Leuven|Belgium
KAIST (Korea Advanced Institute of Science and Technology)|Daejeon|Republic of Korea
Kanagawa University|Kanagawa|Japan
Kanker.nl|Amsterdam|The Netherlands
Kansai University|Osaka|Japan
Karolinska Institutet|Stockholm|Sweden
Karolinska University Hospital|Stockholm|Sweden
KDDI Evolva Inc.|Chiyoda-ku|Japan
KDDI R&D Laboratories|Chiyoda-ku|Japan
Keio University Graduate School of Media Design|Tokyo|Japan
Keio University|Fujisawa|Japan
Keio University|Yokohama  City|Japan
"Keio-NUS CUTE Center, Interactive & Digital Media Institute, National University of Singapore|Singapore|Singapore"
Keio-NUS CUTE Center|Singapore|Singapore
Kent State University|Kent|US
King Abdulaziz University|Jeddah|Saudi Arabia
"King's College, London|London|UK"
Kingston University|Kingston Upon Thames|UK
Kingston University|Kingston|Canada
KIST (Korea Institute of Science and Technology)|Seoul|Republic of Korea
"KMD, Keio University|Tokyo|Japan"
Know-Center GmbH|Graz|Austria
Kochi University of Technology|Kami|Japan
Korea Advanced Institute of Science and Technology|Daejeon|Republic of Korea
Korea Institute of Science and Technology|Seoul|Republic of Korea
Korea University|Seoul|Republic of Korea
Korean German Institute of Technology|Seoul|Republic of Korea
KTH - Royal Institute of Technology|Stockholm|Sweden
KTH|Kista|Sweden
KU Leuven - University of Leuven|Leuven|Belgium
Kunming University of Science and Technology|Kunming|China
Kyoto University|Kyoto|Japan
L3S Research Center|Hannover|Germany
LabHuman / I3B / UPV|Valencia|Spain
Lahore University of Management Sciences|Lahore|Pakistan
Lakeside Upper School|Seattle|US
Lancaster University|Lancaster|UK
"Language Technologies Institute, Carnegie Mellon Univeristy|Pittsburgh|US"
Lappeenranta University of Technology|Lappeenranta|Finland
Leads360|El Segundo|US
Learning Research and Development Center|Pittsburgh|US
Leibniz University Hannover|Hannover|Germany
Lextant|Columbus|US
LG Electronics Inc.|Seoul|Republic of Korea
Liaoning Technical University|Huludao|China
"LIFL & INRIA Lille, University of Lille|Villeneuve d'Ascq|France"
LIG|Grenoble|France
LIIHS-IRIT|Toulouse|France
"LIMSI-CNRS, University Paris South|Orsay Cedex|France"
LIMSI-CNRS|Orsay|France
Lingnan University|Tuen Mun|Hong Kong
LinkedIn|Mountain View|US
LIRIS|Lyon|France
"LITA, EA 3097. computer Lab|Metz|France"
Liverpool John Moores University|Liverpool|UK
Living Research Labs Inc.|Seattle|US
Lodz University of Technology|Lodz|Poland
London Knowledge Lab|London|UK
Lorraine University|Metz|France
Loughborough University|Loughborough|UK
Louvain Interaction Laboratory|Louvain La Neuve|Belgium
Luebeck University of Applied Sciences|Luebeck|Germany
"Luminanze Consulting, LLC|Silver Spring|US"
Lund University|Lund|Sweden
Lunghwa University of Science and Technology|Taoyuan|Taiwan
MABL Labs|Seoul|Republic of Korea
MAD-Faculty|Genk|Belgium
Madeira-ITI. University of Madeira|Funchal|Portugal
Makerere University|kampala|Uganda
Manhattan Associates|Atlanta|US
Marist College|Poughkeepsie|US
Marquette University|Milwaukee|US
Massachusetts Institute of Technology|Cambridge|US
Mathakazini Village|Mankosi|South Africa
"MathWorks, Inc|Natick|US"
Max Planck Institute for Human Development|Berlin|Germany
Max Planck Institute for Informatics|Saarbruecken|Germany
McGill University|Montreal|Canada
Measuring Usability LLC|Denver|US
"Medea, Malmo University|Malmo|Sweden"
"Media Informatics Group, University of Munich (LMU)|Munich|Germany"
Media Interaction Lab|Hagenberg|Austria
MediaTel|London|UK
Mega Super Awesome Visuals Company|London|UK
Meguro-ku|Tokyo|Japan
Meiji University|Kawasaki|Japan
Miami University|Oxford|US
Michigan State Univeristy|East Lansing|US
Michigan Technological University|Houghton|US
Microsoft Applied Sciences Group|Redmond|US
Microsoft Corporation|Beijing|China
Microsoft Corporation|Redmond|US
Microsoft Research FUSE Labs|Redmond|US
Microsoft Research India|Bangalore|India
Microsoft Research|Cambridge|UK
Microsoft Research|Hertzelia|Israel
Microsoft Research|Mountain View|US
Microsoft|Sunnyvale|US
Middle East Technical University|Ankara|Turkey
Middle East Technical University|Mersin|Turkey
Middlesex University|London|UK
Miguel Hernandez University of Elche|Elche|Spain
MIND Lab|Syracuse|US
MindJet|San Francisco|US
Mindloom|Berkeley|US
MinkHollow Media Ltd.|Cochrane|Canada
Minnesota State University|Mankato|US
Missouri Western State University|Saint Joseph|US
MIT CSAIL|Cambridge|US
MIT Media Lab|Cambridge|US
"Mixed Reality Lab, University of Nottingham|Nottingham|UK"
Mixed Reality Lab|Singapore|Singapore
Mobiel Life @ Stockholm University|Kista|Sweden
Mobile Life @ SICS|Kista|Sweden
Mobile Life @ Stockholm University|Stockholm|Sweden
Mobile Life Centre @ SICS|Kista|Sweden
Mobile Life|Kista|Sweden
"MobileIron, Inc.|Mountain View|US"
MobileWorks Inc.|Berkeley|US
Modular Projects|Newcastle upon Tyne|UK
monash|Melbourne|Australia
Montana Tech of The University of Montana|Butte|US
Montclair State University|Montclair|US
More Associates|London|UK
"Moscow State Technical University of Radio engineering, Electronics and Automation|Moscow|Russian Federation"
Motorola Mobility Inc.|Libertyville|US
Movinto Fun AB|Are|Sweden
MSU|East Lansing|US
Muenster University of Applied Sciences|Muenster|Germany
Multimedia Engineering|Hsinchu|Taiwan
"MVS - California, LLC|San Jose|US"
Nagoaka University of Technology|Nagaoka|Japan
Nanjing University|Nanjing|China
Nanyang Technological University|Singapore|Singapore
NASA Ames Research Center|Mountain View|US
NASA Johnson Space Center|Houston|US
National Autonomous University of Mexico|Mexico city|Mexico
National Chenchi University|Taipei|Taiwan
National Chiao Tung University|Hsinchu|Taiwan
National Defense Medical Center|Taipei 114|Taiwan
National Endowment for the Humanities|Washington D.C.|US
National Engineering School of Sfax|sfax|Tunisia
National ICT Australia|Sydney|Australia
National Institute of Advanced Industrial Science and Technology|Tsukuba|Japan
National Institute of Design|Bangalore|India
National Institute of Informatics|Tokyo|Japan
National Palace Museum|Taipei|Taiwan
National Research Council Canada|Fredericton|Canada
National Research Council Canada|Moncton|Canada
National Research Council of Canada|Ottawa|Canada
National Research Foundation|Pretoria|South Africa
National Taipei University|Taipei|Taiwan
National Taiwan University Hospital|Taipei|Taiwan
National Taiwan University of Science and Technology|Taipei|Taiwan
National Taiwan University|Taipei|Taiwan
National Tsing Hua University|Hsin Chu|Taiwan
National Tsing Hua University|HsinChu|Taiwan
"National University of Ireland, Galway|Galway|Ireland"
National University of Science and Technology (NUST)|Islamabad|Pakistan
National University of Singapore|Kent Ridge Crescent|Singapore
National University of Singapore|Singapore|Singapore
Naval Research Laboratory|Washington|US
NC State University|Raleigh|US
NCR Corporation|Dundee|UK
NCSU|Raleigh|US
Nelson Mandela Metropolitan University|Port Elizabeth|South Africa
NetEase Research Center (Hangzhou)|Hangzhou|China
New England Wildflower Society|Framingham|US
New University of Lisbon|Almada|Portugal
New York Hall of Science|Corona|US
New York Institute of Technology|New York|US
New York University - Abu Dhabi|Abu Dhabi|United Arab Emirates
New York University|New York City|US
Newcastle University|Newcastle Upon Tyne|UK
"Next Co., Ltd.|Tokyo|Japan"
NHTV Breda University of Applied Sciences|Breda|The Netherlands
NICTA|Sydney|Australia
NiJel.org|Tempe|US
NMSU|Las cruces|US
Nokia Gate5 GmbH|Berlin|Germany
Nokia Research Center|Beijing|China
Nokia Research Center|Espoo|Finland
Nokia Research Center|Helsinki|Finland
Nokia Research Center|Palo Alto|US
Nokia Research Center|Sunnyvale|US
Nokia Research Center|Tampere|Finland
Nokia|Beijing|China
Nokia|Sunnyvale|US
Norsk Regnesentral/Norwegian Computing Center|Oslo|Norway
North Carolina State University|Raleigh|US
North South University|Dhaka|Bangladesh
Northeastern Illinois University|Chicago|US
Northeastern University|Boston|US
Northeastern University|Shenyang|China
Northumbria University|Newcastle upon Tyne|UK
Northwestern University|Chicago|US
Norwegian University of Science and Technology|Trondheim|Norway
Notaplan Aps|Aalborg|Denmark
Nottingham Trent University|Nottingham|UK
NRL|Washington|US
NTT Communication Science Laboratories|Soraku-gun|Japan
NTT Corporation|Yokosuka|Japan
NTT Service Evolution Laboratories|Yokosuka|Japan
NTU|Nottingham|UK
NTU|Singapore|Singapore
Nursing Science|Irvine|US
NUS Graduate School for Integrative Sciences and Engineering (NGS)|Singapore|Singapore
NYU-Poly|New York|US
Ochanomizu University|Bunkyo-ku|Japan
oDesk|Redwood City|US
OFFIS - Institute for Information Technology|Oldenburg|Germany
Ohio State University|Columbus|US
"Oki Electric Industry Co., Ltd.|Warabi|Japan"
Ono Academic College|Kiryat Ono|Israel
Open Science Initiative|Los Angeles|US
Open University of the Netherlands|Heerlen|The Netherlands
Oracle Corporation|Broomfield|US
Oracle Corporation|Burlington|US
Oracle|Burlington|US
Oracle|Cambridge|US
Oracle|Denver|US
Oracle|Redwood City|US
Oracle|Redwood Shores|US
Oracle|Zapopan|Mexico
Oregon Health & Science University|Portland|US
Oregon State University|Corvallis|US
Osaka Prefecture University|Osaka|Japan
Osaka University Dental Hospital|Suita|Japan
Osaka University|Osaka|Japan
Otago Polytechnic|Dunedin|New Zealand
Otto-von-Guericke-University Magdeburg|Magdeburg|Germany
ovos GmbH|Vienna|Austria
Oxford Brookes University|Oxford|UK
Pacific Northwest National Laboratory|Richland|US
Palo Alto Research Center (PARC)|Palo Alto|US
Panafold|Mountain View|US
Paris Descartes University|Paris|France
Parsons The New School for Design|New York|US
PayPal|Austin|US
Peking University|Beijing|China
Pennsylvania State University|University Park|US
Perth and Kinross Council|Perth|UK
Pervasive Media Studio|Bristol|UK
Philips Research|Briarcliff Manor|US
Philips Research|Eindhoven|The Netherlands
Philips|Drachten|The Netherlands
Pitney Bowes Inc.|Shelton|US
Play|Warsaw|Poland
Pohang University of Science and Technology (POSTECH)|Pohang|Republic of Korea
Pohang University of Science and Technology|Pohang|Korea
Politechnic University of Catalonia|Barcelona|Spain
Politecnico di Milano|Milan|Italy
Politecnico di Milano|Milano|Italy
Politecnico di Torino|Torino|Italy
Polytech'Nantes|Nantes|France
Polytechnic Institute of New York University|Brooklyn|US
Pomona College|Claremont|US
Pontifical Catholic University of Rio de Janeiro (PUC-Rio)|Rio de Janeiro|Brazil
Portland State University|Portland|US
Portsaid University|Portsaid|Egypt
POSTECH|Pohang|Republic of Korea
Praekelt Foundation|Hyderabad|India
Pratt Institute|New York|US
PresenceDisplays|Delft|The Netherlands
Princeton University|Princeton|US
Professional Usability Services|London|UK
Public Research Center Henri Tudor|Luxembourg-Kirchberg|Luxembourg
Public University of Navarra|Pamplona|Spain
PUC-Rio|Rio de Janeiro|Brazil
PUCRS|Porto Alegre|Brazil
Purdue University|West Lafayette|US
Qualcomm Corporate R&D|Cambridge|UK
Qualcomm Technologies Inc.|San Diego|US
"Quality and Usability Lab, Deutsche Telekom Laboratories|Berlin|Germany"
"Queen Mary, University of London|London|UK"
Queen's University|Kingston|Canada
Queensland University of Technology|Brisbane|Australia
Rackspace|San Antonio|US
RadixNova|Pittsford|US
Rakuten Inc.|Tokyo|Japan
RealNetworks Through Volt|Seattle|US
RedWhale Software|San Mateo|US
Reflective Thinking|Newcastle upon Tyne|UK
Renault|Guyancourt|France
Research department|Gothenburg|Sweden
Research Group Digital Media|Bremen|Germany
"Research Labs, NTT docomo|Yokosuka|Japan"
Research Studios Austria|Vienna|Austria
Reutlingen University|Reutlingen|Germany
RheinMain University of Applied Sciences|Wiesbaden|Germany
Rhodes University|Grahamstown|South Africa
Rice University|Houston|US
Ritsumeikan University|Kusatsu|Japan
Ritsumeikan University|Kyoto|Japan
Rivendel Consulting & Design|Berkeley|US
RMIT University|Melbourne|Australia
RNHA|Birmingham|UK
Rochester Institute of Technology|Rochester|US
Roskilde University|Roskilde|Denmark
Rotterdam School of Management|Rotterdam|The Netherlands
Rotterdam University of applied sciences|Rotterdam|The Netherlands
Royal college of Art|London|UK
Royal Free NHS Trust|London|UK
Royal Holloway|Egham|UK
Royal Institute of Technology (KTH)|Stockholm|Sweden
Royal Melbourne Institute of Techonology|Melbourne|Australia
Ruhr-University of Bochum|Bochum|Germany
Rutgers University|New Brunswick|US
ruwido|Neumarkt|Austria
RWTH Aachen University|Aachen|Germany
Ryerson University|Toronto|Canada
Saitama University|Saitama|Japan
SAMH Engineering|Blackrock|Ireland
"Samsung Advanced Institute of Technology (SAIT), Samsung Electronics|Yongin-si|Republic of Korea"
Samsung DTL lab|Richardson|US
Samsung Electronics|Dallas|US
Samsung Electronics|Suwon|Republic of Korea
Samsung R&D Research Center|San Jose|US
Samsung Telecom America|Richardson|US
Samsung UX Innovations Lab|San Jose|US
Samsung|San Jose|US
Samsung|Suwon|Republic of Korea
San Jose State University|Moffett Field|US
Santa Clara University|Santa Clara|US
SAP AG|Darmstadt|Germany
SAP AG|Dresden|Germany
SAP AG|Walldorf|Germany
SAP France|Levallois Perret|France
SAP Labs India|Bangalore|India
"SAP Labs, LLC.|Palo Alto|US"
SAP Labs|Bangalore|India
SAP Research Darmstadt|Darmstadt|Germany
"SAP Research, SAP AG|Dresden|Germany"
SAP Research|Karlsruhe|Germany
SAP|Palo Alto|US
Sapienza - University of Rome|Rome|Italy
Savannah College of Art and Design|Savannah|US
Scalable Conversations|Berkeley|US
"School of Communication, Media and Information Technology, Rotterdam University|Rotterdam Univeristy|The Netherlands"
School of Interactive Arts + Technology (SIAT)|Surrey|Canada
School of Interactive Computing|Atlanta|US
School of Science Aalto University|Espoo|Finland
School of Software and Microelectronics|Xi'an|China
School of Software Engineering|Beijing|China
Seattle Cancer Care Alliance|Seattle|US
Seattle Pacific University|Seattle|US
Seoul National University|Seoul|Republic of Korea
Shahjalal University of Science & Technology|Sylhet-3114|Bangladesh
Shandong University|Jinan|China
"Sharif University of Technology|Tehran|Iran, Islamic Republic of"
Sheffield Hallam University|Sheffield|UK
"Shenzhen Institute of Advanced Technology, CAS|Shenzhen|China"
Shenzhen Institutes of Advanced Technology (SIAT)|Shenzhen|China
Shinshu University|Nagano|Japan
Shinshu University|Ueda|Japan
SICS|Kista|Sweden
SICS|Stockholm|Sweden
Siena College|Loudonville|US
Simcentric Technologies|Melbourne|Australia
Simon Fraser University|Burnaby|Canada
Simon Fraser University|Surrey|Canada
Simon Fraser University|Vancouver|Canada
Singapore Management University|Singapore|Singapore
Singapore National Eyes Center|Singapore|Singapore
Singapore University of Technology and Design|Singapore|Singapore
Sino-European Usability Center|Dalian|China
SINTEF|Oslo|Norway
Slate Learning|Encinitas|US
Small World Consulting|Lancaster|UK
SMART Technologies|Calgary|Canada
Sokendai|Tokyo|Japan
Sony Computer Entertainment|London|UK
"Sony Computer Science Laboratories, Inc.|Shinagawa-ku|Japan"
Sony CSL Paris|Paris|France
Sony CSL|Tokyo|Japan
SPARK Experience Design|Rockville|US
Spelman College|Atlanta|US
Spigit Inc.|Pleasanton|US
"Ss. Cyril and Methodius University|Skopje|Macedonia, The Former Yugoslav Republic of"
St. John's School|Houston|US
Stanford University|Palo Alto|US
Stanford University|Stanford|US
Starlab|Barcelona|Spain
State University of Rio de Janeiro|Rio de janiero|Brazil
Stockholm University|Kista|Sweden
Stockholm University|Stockholm|Sweden
Stony Brook University|Stony Brook|US
Studio Frankness AB|Stockholm|Sweden
Suita|Osaka|Japan
Sultan Qaboos University|Al-Khoudh|Oman
Sungkyunkwan University|Seoul|Republic of Korea
SusaGroup|Enschede|The Netherlands
Swansea University|Swansea|UK
Swedish Institute of Computer Science|Kista|Sweden
Swinburne University of Technology|Melbourne|Australia
Swinburne University Technology (Sarawak Campus)|Kuching|Malaysia
"Swiss Federal Institute of Technology (EPFL), Lausanne|Lausanne|Switzerland"
Swiss Federal Institute of Technology (ETH Zurich)|Zurich|Switzerland
Syntagm Ltd|Abingdon|UK
Syracuse University|Syracuse|US
T-Method|Chiba|Japan
"t2i Lab, Chalmers|Gothenburg|Sweden"
Tableau Software|Seattle|US
Tallinn University|Tallinn|Estonia
Tampere University of Technology|Tampere|Finland
"Teachers College, Columbia University|New York City|US"
"TecEd, Inc.|Ann Arbor|US"
Technical Research Centre of Finland|Espoo|Finland
Technical University of Catalonia|Castelldefels|Spain
Technical University of Crete|Chania|Greece
Technical University of Denmark|Lyngby|Denmark
Technical University of Lisbon|Lisbon|Portugal
Technical University of Valencia|Valencia|Spain
Technical University Vienna|Vienna|Austria
Technische Universiteit Eindhoven|Eindhoven|The Netherlands
"Technologies for health behaviour change, VTT Technical Research Centre of Finland, Tampere|Tampere|Finland"
Technology and Social Behavior|Evanston|US
Technosite|Madrid|Spain
Teesside University|Middlesbrough|UK
Tel Aviv University|Tel Aviv|Israel
Telecom Italia|Milano|Italy
Telecom Italia|Turin|Italy
Telecom ParisTech - CNRS LTCI UMR 5141|Paris|France
Telefonica Research|Barcelona|Spain
Telekom Innovation Laboratories|Berlin|Germany
Temasek Polytechnic|Singapore|Singapore
TERC|Cambridge|US
Texas A&M University|College Station|US
Texas State University|San Marcos|US
Texas Tech University|Lubbock|US
Thales Research & Technology France|Paris|France
The Australian National University|Canberra|Australia
The Chinese University of Hong Kong|Shatin|Hong Kong
The DuKode Studio|Brooklyn|US
The Graduate Univ. for Advanced Studies|Tokyo|Japan
The Hague University of Applied Sciences|The Hague|The Netherlands
The Hong Kong Polytechnic University|Hung Hom|Hong Kong
The Hong Kong Polytechnic University|Kowloon|Hong Kong
The Hong Kong University of Science and Technology|Hong Kong|China
The MITRE Corporation|Bedford|US
The MITRE Corporation|McLean|US
The Open University of Japan|Mihama-ku|Japan
The Open University|London|UK
The Open University|Milton Keynes|UK
The Pennsylvania State University|State College|US
The Pennsylvania State University|University Park|US
The Smith-Kettlewell Eye Research Institute|San Francisco|US
The University of Auckland|Auckland City Campus|New Zealand
The University of British Columbia|Vancouver|Canada
The University of Electro-Communications|Tokyo|Japan
The University of Hong Kong|Hong Kong|Hong Kong
The University of Hong Kong|Pokfulam|Hong Kong
The University of Manchester|Manchester|UK
The University of Melbourne|Melbourne|Australia
The University of New South Wales|Canberra|Australia
the University of New South Wales|Sydney|Australia
The University of North Carolina at Chapel Hill|Chapel Hill|US
The University of North Carolina at Charlotte|Charlotte|US
The University of Nottingham|Nottingham|UK
The University of Sussex|Brighton|UK
The University of Sydney|Sydney|Australia
The University of Texas at Austin|Austin|US
The University of Tokyo/JST ERATO|Tokyo|Japan
the University of Tokyo|Bunkyo-ku|Japan
The University of Tokyo|Chiba|Japan
The University of Tokyo|Meguro-ku|Japan
The University of Tokyo|Tokyo|Japan
The University of Waikato|Hamilton|New Zealand
The University of Western Ontario|London|Canada
Theatre Auracaria|Newcastle upon Tyne|UK
TinkerStories|Boston|US
Tohoku University|Sendai|Japan
Tokyo Institute of Technology|Tokyo|Japan
Tokyo Institute of Technology|Yokohama|Japan
Tokyo Metropolitan University|Hino|Japan
Tokyo Metropolitan University|Tokyo|Japan
Tokyo University of Agriculture and Technology|Koganei|Japan
Tokyo University of Technology|Hachioji|Japan
Toronto Rehab|Toronto|Canada
Towson University|Towson|US
Trace Center - University of Wisconsin-Madison|Madison|US
"Trinity College, The University of Dublin|Dublin|Ireland"
Troy University|Troy|US
Tsinghua University|Beijing|China
TU Berlin. Telekom Innovation Laboratories|Berlin|Germany
TU Berlin|Berlin|Germany
TU Darmstadt|Darmstadt|Germany
"TU Eindhoven, Department of Industrial Design|Eindhoven|The Netherlands"
Tufts University|Medford|US
Tulane University|New Orleans|US
Tweedie Consulting|Bath|UK
Twist Open Innovations|Bangalore|India
Twitter|San Francisco|US
UBC|Vancouver|Canada
Ubisoft|Pune|India
UC Berkeley|Berkeley|US
UC Irvine|Irvine|US
UC San Diego|La Jolla|US
UC San Diego|San Diego|US
UC Santa Barbara|Santa Barbara|US
UC Santa Cruz|Santa Cruz|US
UCF|Orlando|US
UCLA|Los Angeles|US
UFRGS|Porto Alegre|Brazil
UGent|Ghent|Belgium
"UI Wizards, Inc|San Francisco|US"
"ulinkm.com Co.,Ltd.|Wuyishan|China"
Ulm University|Ulm|Germany
UMBC|Baltimore|US
UMD|College Park|US
Umea Institute of Design|Umea|Sweden
Umea University|Umea|Sweden
UNC - Chapel Hill|Chapel Hill|US
UNC Charlotte|Charlotte|US
Union County Public Schools|Monroe|US
Unister GmbH|Leipzig|Germany
United Technologies|Hartford|US
Univ Paris-Sud & CNRS|Orsay|France
"Univ Paris-Sud, CNRS & INRIA, Paris|Paris|France"
Univ Paris-Sud|Orsay|France
Univ. Paris-Sud|Orsay|France
Univ. Paul Sabatier|Toulouse|France
Univercity of Electro-Communications|Chofu|Japan
Univeristy of Massachusetts Lowell|Lowell|US
Univeristy of Oslo|Oslo|Norway
Univeristy of Oxford|Oxford|UK
Univerity of Central Lancashire|Preston|UK
Universidad Autonoma de Baja California|Tijuana|MEXICO
Universidad Carlos III de Madrid|Leganes|Spain
Universidad Complutense de Madrid (UCM)|Madrid|Spain
Universidad de Zaragoza (Spain)|Zaragoza|Spain
Universidad Francisco Marroquin|Guatemala|Guatemala
Universidad Jaume I|Castellon|Spain
Universidad Michoacana|Michoac��_�n|Mexico
Universidad Nacional|heredia|Costa Rica
Universidad Politecnica de Madrid|Madrid|Spain
Universidad Publica de Navarra|Pamplona|Spain
Universidad Rey Juan Carlos|Madrid|Spain
Universidad Rey Juan Carlos|Mostoles|Spain
Universidade do Porto|Porto|Portugal
Universidade Federal do Rio Grande do Sul|Porto Alegre|Brazil
Universidade Nova de Lisboa|Lisboa|Portugal
Universidade Tecnica de Lisboa|Lisbon|Portugal
Universitat Politecnica de Valencia|Valencia|Spain
Universitat Pompeu Fabra|Barcelona|Spain
Universite Joseph Fourier|Grenoble|France
Universiteit Hasselt|Diepenbeek|Belgium
Universiteit Hasselt|Hasselt|Belgium
"University at Albany, State University of New York|Albany|US"
University Calgary|Calgary|Canada
University College Cork|Cork|Ireland
University College Dublin|Dublin|Ireland
University College Falmouth|Falmouth|UK
University College London|London|UK
University Health Network|Toronto|Canada
University Hospital of Copenhagen|Copenhagen|Denmark
University Lille |Lille|France
University Lyon|Bron|France
University of Aarhus|Aarhus|Denmark
University of Aberdeen|Aberdeen|UK
University of Abertay Dundee|Dundee|UK
University of Alabama at Birmingham|Birmingham|US
University of Alabama|Tuscaloosa|US
University of Alberta|Edmonton|Canada
University of Amsterdam|Amsterdam|The Netherlands
University of Applied Sciences Amberg-Weiden|Amberg|Germany
University of Applied Sciences Upper Austria|Hagenberg|Austria
University of Applied Sciences Upper Austria|Wels|Austria
University of Arts|Berlin|Germany
University of Auckland|Auckland|New Zealand
University of Augsburg|Augsburg|Germany
University of Aveiro|Aveiro|Portugal
University of Baltimore|Baltimore|US
University of Bamberg|Bamberg|Germany
University of Bari|Bari|Italy
University of Basel|Basel|Switzerland
University of Bath|Bath|UK
University of Birmingham|Birmingham|UK
University of Bochum|Bochum|Germany
University of Bordeaux|Bordeaux|France
University of Bordeaux|Talence|France
"University of Bremen, TZI|Bremen|Germany"
University of Bremen|Bremen|Germany
University of Bristol|Bristol|UK
University of British Columbia|Vancouver|Canada
"University of Calfornia, Riverside|Riverside|US"
University of Calgary|Calgary|Canada
University of California at Santa Cruz|Santa Cruz|US
"University of California, Berkeley|Berkeley|US"
"University of California, Irvine|Irvine|US"
"University of California, Los Angeles|Los Angeles|US"
"University of California, Riverside|Riverside|US"
"University of California, San Diego|La Jolla|US"
"University of California, San Diego|San Diego|US"
"University of California, Santa Barbara|Santa Barbara|US"
"University of California, Santa Cruz|Santa Cruz|Santa Cruz"
University of Cambridge|Cambridge|UK
University of Campinas|Campinas|Brazil
University of Canberra|Canberra|Australia
University of Canterbury|Christchurch|New Zealand
University of Cape Town|Cape Town|South Africa
University of Castilla-La Mancha (UCLM)|Albacete|Spain
University of Castilla-La Mancha|Albacete|Spain
University of Central Florida|Orlando|US
University of Central Lancashire|Preston|UK
University of Chicago|Chicago|US
University of Coimbra|Coimbra|Portugal
University of Colorado at Boulder|Boulder|US
University of Colorado|Boulder|US
University of Connecticut|Storrs|US
University of Copenhagen|Copenhagen|Denmark
University of Crete|Heraklion|Greece
University of Cyprus|Nicosia|Cyprus
University of Duisburg-Essen|Duisburg|Germany
University of Duisburg-Essen|Essen|Germany
University of Dundee|Dundee|UK
University of East Anglia|Norwich|UK
University of Eastern Finland|Joensuu|Finland
University of Edinburgh|Edinburgh|UK
University of Florida|Gainesville|US
University of Fortaleza|Fortaleza|Brazil
University of Freiburg|Freiburg|Germany
University of Fribourg|Fribourg|Switzerland
University of Geneva|GENEVA|Switzerland
University of Genoa|Genoa|Italy
University of Georgia|Athens|US
University of Glasgow|Glasgow|UK
University of Gothenburg|Gothenburg|Sweden
University of Granada|Granada|Spain
University of Graz|Graz|Austria
University of Grenoble - LIG/IIHM - Grenoble-INP - CNRS|Grenoble|France
University of Groningen|Groningen|The Netherlands
University of Guelph|Guelph|Canada
University of Haifa|Haifa|Israel
University of Hamburg|Hamburg|Germany
University of Hannover|Hannover|Germany
University of Hawaii at Manoa|Honolulu|US
University of Helsinki|Helsinki|Finland
University of Houston|Houston|US
University of Iceland|Reykjavik|Iceland
University of Illinois at Chicago|Chicago|US
University of Illinois at Urbana-Champaign|Champaign|US
University of Illinois at Urbana-Champaign|Singapore|Singapore
University of Illinois Chicago (UIC)|Chicago|US
University of Ioannina|Ioannina|Greece
University of Iowa|Iowa City|US
University of Jinan|Jinan|China
University of Kaiserslautern|Kaiserslautern|Germany
University of Kiel|Kiel|Germany
University of Koblenz-Landau|Koblenz|Germany
University of Konstanz|Konstanz|Germany
University of Leeds|Leeds|UK
University of Leicester|Leicester|UK
University of Leuven|Leuven|Belgium
University of Limerick|Limerick|Ireland
University of Lincoln|Lincoln|UK
University of Linz|Linz|Austria
University of Lisbon|Lisbon|Portugal
University of Lleida|Lleida|Spain
University of London|London|UK
University of Lorraine|Metz|France
University of Louvain|Louvain-la-Neuve|Belgium
University of Lugano|Lugano|Switzerland
University of Luxembourg|Luxembourg-Kirchberg|Luxembourg
University of Lyon - EDF Research & Development|Lyon|France
"University of Lyon, LIRIS|Villeurbanne F-69621|France"
University of Madeira|Funchal|Portugal
University of Magdeburg|Magdeburg|Germany
University of Malta|Msida|Malta
University of Manchester|Manchester|UK
University of Manitoba|Winnipeg|Canada
University of Mannheim|Mannheim|Germany
University of Maryland iSchool|College Park|US
"University of Maryland, Baltimore County|Baltimore|US"
University of Maryland|College Park|US
University of Massachusetts Lowell|Lowell|US
University of Massachusetts|Amherst|US
University of Melbourne|Melbourne|Australia
University of Memphis|Memphis|US
"University of Michigan, School of Information|Ann Arbor|US"
University of Michigan|Ann Arbor|US
University of Minho|Braga|Portugal
University of Minnesota|Duluth|US
University of Minnesota|Minneapolis|US
University of Monash|melbourne|Australia
University of Munich (LMU)|Munich|Germany
"University of Nebraska, Lincoln|Lincoln|US"
"University of Nevada, Reno|Reno|US"
University of New Hampshire|Durham|US
University of New Mexico|Albuquerque|US
University of New York at Albany|Albany|US
University of Nicosia|Nicosia|Cyprus
University of North Carolina at Charlotte|Charlotte|US
University of North Carolina-Chapel Hill|Chapel Hill|US
University of Northumbria|Newcastle-upon-Tyne|UK
University of Notre Dame|Notre Dame|US
University of Nottingham|Nottingham|UK
University of Oklahoma|Norman|US
University of Oldenburg|Oldenburg|Germany
University of Ontario Institute of Technology|Oshawa|Canada
University of Oslo|Oslo|Norway
University of Otago|Dunedin|New Zealand
University of Oulu|Oulu|Finland
University of Oxford|Oxford|UK
University of Padova|Padova|Italy
University of Patras|Patras|Greece
University of Pavia|Pavia|Italy
University of Pennsylvania|Philadelphia|US
University of Pittsburgh|Pittsburgh|US
University of Porto|Porto|Portugal
University of Primorska|Koper|Slovenia
University of Puget Sound|Tacoma|US
University of Rochester|Rochester|US
University of Rostock|Rostock|Germany
University of Salzburg|Salzburg|Austria
University of Santa Cruz|Santa Cruz|US
University of Saskatchewan|Saskatoon|Canada
University of Science and Technology of China|Hefei|China
University of Sheffield|Sheffield|UK
University of Siegen and Fraunhofer FIT|Siegen|Germany
University of Siegen|Siegen|Germany
University of Siena|Siena|Italy
University of Social Sciences and Humanities|Warszawa|Poland
University of South Carolina|Columbia|US
University of South Florida|Tampa|US
University of Southampton|Southampton|UK
University of Southern California|Los Angeles|US
University of Southern Denmark|Kolding|Denmark
University of Split|Split|Croatia
University of St Andrews|St Andrews|UK
University of Strathclyde|Glasgow|UK
University of Stuttgart|Stuttgart|Germany
University of Sunderland|Sunderland|UK
University of Surrey|Guildford|UK
University of Sussex|Brighton|UK
University of Sydney|Sydney|Australia
University of Tallinn|Tallinn|Estonia
University of Tampere|Tampere|Finland
University of Tasmania|Hobart|Australia
University of Tasmania|Launceston|Australia
"University of Technology, Sydney|Ultimo|Australia"
University of Technology|Sydney|Australia
University of Texas at Austin|Austin|US
University of the Philippines Open University|College|Philippines
University of the Sunshine Coast|Maroochydore|Australia
University of the West of England|Bristol|UK
University of the Witwatersrand|Joh|South Africa
University of Tokyo / Sony CSL|Meguro-ku|Japan
University of Tokyo|Tokyo|Japan
University of Toronto|Toronto|Canada
University of Toulouse|Toulouse|France
University of Trento|Trento|Italy
University of Tsukuba|Tsukuba|Japan
University of Turin|Turin|Italy
University of Twente|Enschede|The Netherlands
University of Udine|Udine|Italy
University of Utah|Salt Lake City|US
University of Victoria|Victoria|Canada
University of Vienna|Vienna|Austria
University of Virginia|Charlottesville|US
University of Waikato|Hamilton|New Zealand
University of Warsaw|Warszawa|Poland
University of Warwick|Coventry|UK
University of Washington|Seattle|US
University of Waterloo|Waterloo|Canada
University of West London|london|UK
University of Western Ontario|London|Canada
"University of Wisconsin, Madison|Madison|US"
University of Worcester|Worcester|UK
University of Wyoming|Laramie|US
University of York|York|UK
University of Zaragoza|Zaragoza|Spain
University of Zurich|Zurich|Switzerland
University Pompeu Fabra|Barcelona|Spain
University Stefan cel Mare of Suceava|Suceava|Romania
University Toulouse 3 & CNRS|Toulouse|France
Unviersity of Washington|Seattle|US
"Uplift, Inc.|Washington|US"
Uppsala University|Uppsala|Sweden
User Interface Design GmbH|Ludwigsburg|Germany
Utah State University|Logan|US
Utrecht University|Utrecht|The Netherlands
UVHC|Valenciennes|France
UX Design Edge|St Albans|US
UXLabs|London|UK
Valdosta State University|Valdosta|US
"Vanderbilt University|2209 Garland Avenue, Nashville 37205|US"
Vienna University of Economics and Business|Vienna|Austria
Vienna University of Technology|Vienna|Austria
Virginia Polytechnic Institute and State University|Blacksburg|US
Virginia Tech|Blacksburg|US
"Vis Center,UNC Charlotte.|Charlotte|US"
Vision & Logic|Lincoln|US
Visualization and Interactive Systems Institute; University of Stuttgart|Stuttgart|Germany
VISUS|Stuttgart|Germany
Vodafone Group Services|Duesseldorf|Germany
Volkswagen Group of America|Belmont|US
Vrije Universiteit Brussel|Brussels|Belgium
VTT Technical Research Center Finland|Espoo|Finland
VTT Technical Research Centre of Finland|Oulu|Finland
VTT Technical Research Centre of Finland|Tampere|Finland
VU University Amsterdam|Amsterdam|The Netherlands
Warsaw School of Social Psychology|Poznan|Poland
Warsaw School of Social Psychology|Warsaw|Poland
Waseda University|Shinjuku|Japan
Waseda University|Tokyo|Japan
Washington State University|Pullman|US
Washington University in St. Louis|St. Louis|US
Wearable Computing Lab.|Zurich|Switzerland
Weizmann Institute of Science|Rehovot|Israel
Wellesley College|Wellesley|US
Willow Garage|Menlo Park|US
Worcester Polytechnic Institute|Worcester|US
Wuyi University|Wuyishan|China
Xerox Innovation Group|Grenoble|France
Xerox Research Center Europe|Meylan|France
Xerox Research Centre Europe|Grenoble|France
Xerox Research Centre India|Bangalore|India
Xerox|Webster|US
Xi'an Jiaotong University|Xi'an|China
Xi'an Jiaotong-Liverpool University|Suzhou|China
XRCE Xerox|Meylan|France
Yahoo! Labs|Barcelona|Spain
Yahoo! Labs|Haifa|Israel
Yahoo! Research|San Francisco|US
Yahoo! Research|Santa Clara|US
Yahoo! Research|Sunnyvale|US
Yahoo!|Santa Clara|US
Yildiz Technical University|Istanbul|Turkey
Yonsei University|Seoul|Korea
Yonsei University|Seoul|Republic of Korea
York University|Toronto|Canada
Zhejiang University of Technology|Hangzhou|China
Zhejiang University|Hangzhou|China
